Workbook

Sheet Confusion Matrices
A1: Week 2 Stage 3 — Condition tier confusion matrices
A2: Rows = my label. Columns = model's prediction. Diagonal (green) = agreement. Left of diagonal = model graded better (more generous); right = model graded worse (stricter).
A4: Sonnet 5
A5: You ↓ / Model → | B5: Pristine | C5: Excellent | D5: Very Good | E5: Good | F5: Fair | G5: Insufficient | H5: Row total
A6: Pristine | B6: 8 | C6: 2 | D6: 0 | E6: 0 | F6: 0 | G6: 0 | H6: =SUM(B6:G6) -> 10
A7: Excellent | B7: 8 | C7: 18 | D7: 2 | E7: 0 | F7: 0 | G7: 3 | H7: =SUM(B7:G7) -> 31
A8: Very Good | B8: 0 | C8: 11 | D8: 12 | E8: 5 | F8: 1 | G8: 10 | H8: =SUM(B8:G8) -> 39
A9: Good | B9: 0 | C9: 0 | D9: 4 | E9: 7 | F9: 4 | G9: 15 | H9: =SUM(B9:G9) -> 30
A10: Fair | B10: 0 | C10: 0 | D10: 2 | E10: 2 | F10: 2 | G10: 1 | H10: =SUM(B10:G10) -> 7
A11: Insufficient | B11: 2 | C11: 4 | D11: 0 | E11: 0 | F11: 0 | G11: 27 | H11: =SUM(B11:G11) -> 33
A12: Column total | B12: =SUM(B6:B11) -> 18 | C12: =SUM(C6:C11) -> 35 | D12: =SUM(D6:D11) -> 20 | E12: =SUM(E6:E11) -> 14 | F12: =SUM(F6:F11) -> 7 | G12: =SUM(G6:G11) -> 56 | H12: =SUM(H6:H11) -> 150
A15: Haiku 4.5
A16: You ↓ / Model → | B16: Pristine | C16: Excellent | D16: Very Good | E16: Good | F16: Fair | G16: Insufficient | H16: Row total
A17: Pristine | B17: 9 | C17: 1 | D17: 0 | E17: 0 | F17: 0 | G17: 0 | H17: =SUM(B17:G17) -> 10
A18: Excellent | B18: 9 | C18: 16 | D18: 1 | E18: 0 | F18: 0 | G18: 5 | H18: =SUM(B18:G18) -> 31
A19: Very Good | B19: 0 | C19: 7 | D19: 18 | E19: 3 | F19: 0 | G19: 11 | H19: =SUM(B19:G19) -> 39
A20: Good | B20: 0 | C20: 0 | D20: 1 | E20: 13 | F20: 2 | G20: 14 | H20: =SUM(B20:G20) -> 30
A21: Fair | B21: 0 | C21: 0 | D21: 0 | E21: 2 | F21: 5 | G21: 0 | H21: =SUM(B21:G21) -> 7
A22: Insufficient | B22: 5 | C22: 1 | D22: 0 | E22: 0 | F22: 0 | G22: 27 | H22: =SUM(B22:G22) -> 33
A23: Column total | B23: =SUM(B17:B22) -> 23 | C23: =SUM(C17:C22) -> 25 | D23: =SUM(D17:D22) -> 20 | E23: =SUM(E17:E22) -> 18 | F23: =SUM(F17:F22) -> 7 | G23: =SUM(G17:G22) -> 57 | H23: =SUM(H17:H22) -> 150
A26: Opus 5
A27: You ↓ / Model → | B27: Pristine | C27: Excellent | D27: Very Good | E27: Good | F27: Fair | G27: Insufficient | H27: Row total
A28: Pristine | B28: 9 | C28: 1 | D28: 0 | E28: 0 | F28: 0 | G28: 0 | H28: =SUM(B28:G28) -> 10
A29: Excellent | B29: 4 | C29: 19 | D29: 3 | E29: 0 | F29: 0 | G29: 5 | H29: =SUM(B29:G29) -> 31
A30: Very Good | B30: 0 | C30: 6 | D30: 11 | E30: 5 | F30: 1 | G30: 16 | H30: =SUM(B30:G30) -> 39
A31: Good | B31: 0 | C31: 0 | D31: 3 | E31: 7 | F31: 4 | G31: 16 | H31: =SUM(B31:G31) -> 30
A32: Fair | B32: 0 | C32: 0 | D32: 2 | E32: 2 | F32: 2 | G32: 1 | H32: =SUM(B32:G32) -> 7
A33: Insufficient | B33: 3 | C33: 2 | D33: 0 | E33: 0 | F33: 0 | G33: 28 | H33: =SUM(B33:G33) -> 33
A34: Column total | B34: =SUM(B28:B33) -> 16 | C34: =SUM(C28:C33) -> 28 | D34: =SUM(D28:D33) -> 19 | E34: =SUM(E28:E33) -> 14 | F34: =SUM(F28:F33) -> 7 | G34: =SUM(G28:G33) -> 66 | H34: =SUM(H28:H33) -> 150
A37: Source: score.py stage 3 output. Blue = counts copied from that output; black = formulas. Zero invalid model tiers for all three models.

Sheet Summary
A1: Week 2 Stage 3 — Summary metrics (all formulas, linked to Confusion Matrices)
A3: Metric | B3: Sonnet 5 | C3: Haiku 4.5 | D3: Opus 5 | E3: How it's calculated
A4: Listings scored | B4: =SUM('Confusion Matrices'!B6:G11) -> 150 | C4: =SUM('Confusion Matrices'!B17:G22) -> 150 | D4: =SUM('Confusion Matrices'!B28:G33) -> 150 | E4: Sum of all cells
A5: Tier agreement (count) | B5: ='Confusion Matrices'!B6+'Confusion Matrices'!C7+'Confusion Matrices'!D8+'Confusion Matrices'!E9+'Confusion Matrices'!F10+'Confusion Matrices'!G11 -> 74 | C5: ='Confusion Matrices'!B17+'Confusion Matrices'!C18+'Confusion Matrices'!D19+'Confusion Matrices'!E20+'Confusion Matrices'!F21+'Confusion Matrices'!G22 -> 88 | D5: ='Confusion Matrices'!B28+'Confusion Matrices'!C29+'Confusion Matrices'!D30+'Confusion Matrices'!E31+'Confusion Matrices'!F32+'Confusion Matrices'!G33 -> 76 | E5: Sum of the diagonal
A6: Tier agreement (all 150) | B6: =B5/B4 -> 0.49333333 | C6: =C5/C4 -> 0.58666667 | D6: =D5/D4 -> 0.50666667 | E6: Diagonal / listings
A7: Model declined, you graded | B7: =SUM('Confusion Matrices'!G6:G10) -> 29 | C7: =SUM('Confusion Matrices'!G17:G21) -> 30 | D7: =SUM('Confusion Matrices'!G28:G32) -> 38 | E7: Insufficient column, excluding your Insufficient row
A8: You declined, model graded | B8: =SUM('Confusion Matrices'!B11:F11) -> 6 | C8: =SUM('Confusion Matrices'!B22:F22) -> 6 | D8: =SUM('Confusion Matrices'!B33:F33) -> 5 | E8: Your Insufficient row, excluding model Insufficient
A9: Both declined | B9: ='Confusion Matrices'!G11 -> 27 | C9: ='Confusion Matrices'!G22 -> 27 | D9: ='Confusion Matrices'!G33 -> 28 | E9: Insufficient / Insufficient cell
A10: Both graded (count) | B10: =B4-B7-B8-B9 -> 88 | C10: =C4-C7-C8-C9 -> 87 | D10: =D4-D7-D8-D9 -> 79 | E10: Listings minus every row/column touching Insufficient
A11: Agreement where both graded | B11: =IFERROR((B5-B9)/B10,0) -> 0.53409091 | C11: =IFERROR((C5-C9)/C10,0) -> 0.70114943 | D11: =IFERROR((D5-D9)/D10,0) -> 0.60759494 | E11: (Diagonal minus both-declined) / both graded
A12: Total disagreements | B12: =B4-B5 -> 76 | C12: =C4-C5 -> 62 | D12: =D4-D5 -> 74 | E12: Listings minus diagonal
A13: Share of disagreements = model declined | B13: =IFERROR(B7/B12,0) -> 0.38157895 | C13: =IFERROR(C7/C12,0) -> 0.48387097 | D13: =IFERROR(D7/D12,0) -> 0.51351351 | E13: Model declined, you graded / total disagreements
A14: Model more generous | B14: =SUM('Confusion Matrices'!B7,'Confusion Matrices'!B8:C8,'Confusion Matrices'!B9:D9,'Confusion Matrices'!B10:E10) -> 27 | C14: =SUM('Confusion Matrices'!B18,'Confusion Matrices'!B19:C19,'Confusion Matrices'!B20:D20,'Confusion Matrices'!B21:E21) -> 19 | D14: =SUM('Confusion Matrices'!B29,'Confusion Matrices'!B30:C30,'Confusion Matrices'!B31:D31,'Confusion Matrices'!B32:E32) -> 17 | E14: Graded cells left of diagonal
A15: Model stricter | B15: =SUM('Confusion Matrices'!C6:F6,'Confusion Matrices'!D7:F7,'Confusion Matrices'!E8:F8,'Confusion Matrices'!F9) -> 14 | C15: =SUM('Confusion Matrices'!C17:F17,'Confusion Matrices'!D18:F18,'Confusion Matrices'!E19:F19,'Confusion Matrices'!F20) -> 7 | D15: =SUM('Confusion Matrices'!C28:F28,'Confusion Matrices'!D29:F29,'Confusion Matrices'!E30:F30,'Confusion Matrices'!F31) -> 14 | E15: Graded cells right of diagonal
A16: Generous share of directional misses | B16: =IFERROR(B14/(B14+B15),0) -> 0.65853659 | C16: =IFERROR(C14/(C14+C15),0) -> 0.73076923 | D16: =IFERROR(D14/(D14+D15),0) -> 0.5483871 | E16: Generous / (generous + stricter)
A17: One-tier misses | B17: ='Confusion Matrices'!C6+'Confusion Matrices'!B7+'Confusion Matrices'!D7+'Confusion Matrices'!C8+'Confusion Matrices'!E8+'Confusion Matrices'!D9+'Confusion Matrices'!F9+'Confusion Matrices'!E10 -> 38 | C17: ='Confusion Matrices'!C17+'Confusion Matrices'!B18+'Confusion Matrices'!D18+'Confusion Matrices'!C19+'Confusion Matrices'!E19+'Confusion Matrices'!D20+'Confusion Matrices'!F20+'Confusion Matrices'!E21 -> 26 | D17: ='Confusion Matrices'!C28+'Confusion Matrices'!B29+'Confusion Matrices'!D29+'Confusion Matrices'!C30+'Confusion Matrices'!E30+'Confusion Matrices'!D31+'Confusion Matrices'!F31+'Confusion Matrices'!E32 -> 28 | E17: Graded cells directly beside the diagonal
A18: Two-or-more-tier misses | B18: =B14+B15-B17 -> 3 | C18: =C14+C15-C17 -> 0 | D18: =D14+D15-D17 -> 3 | E18: Directional misses minus one-tier misses
A19: Excellent → Pristine (packaging rule) | B19: ='Confusion Matrices'!B7 -> 8 | C19: ='Confusion Matrices'!B18 -> 9 | D19: ='Confusion Matrices'!B29 -> 4 | E19: Largest single cell; tests pre-registered packaging failure
A21: Green = pulled from the Confusion Matrices sheet; black = calculated here.

Sheet Findings
A1: Week 2 Stage 3 — What the matrices show
A3: Finding | B3: What it says | C3: Next check
A4: Biggest disagreement source: model declines where I graded | B4: Sonnet 29, Haiku 30, Opus 38 listings — roughly 40-50% of each model's disagreements, concentrated in my Very Good and Good rows. Likely a spec mismatch: my labeling rules grade bare claims, but the prompt tells the model to grade only described wear, not repeat platform labels, and decline otherwise. The models are following their instructions. | C4: Cross the 37 'claim without evidence' rows against model declines. Report as found; don't silently edit the prompt and re-run.
A5: Generous-skew prediction holds where both graded | B5: Model more generous vs stricter: Sonnet 27 vs 14, Haiku 19 vs 7, Opus 17 vs 14. Clear for Sonnet and Haiku, nearly balanced for Opus. | C5: Split by sparse vs detailed listings to test the 'worse on sparse' half of prediction 2.
A6: Largest single cell: Excellent → Pristine | B6: 8 / 9 / 4. Models award Pristine where I said Excellent — almost certainly the packaging rule, which I pre-registered would not transfer. Opus handled it best. | C6: Read the rows in that cell and confirm packaging is the cause.
A7: Misses are almost all one tier | B7: Only a handful of two-tier misses; Haiku has none. These are boundary disagreements, not misreadings. | C7: Map one-tier misses to rubric boundary cases (boundary_case = Y).
A8: Agreement where both graded | B8: Sonnet 53%, Haiku 70%, Opus 61%. Haiku's lead sits in Very Good, Good, and Fair rather than abstention, so the bare-claims explanation for its lead is still open. | C8: Agreement on the 37 tagged rows vs the other 113, per model.
